{
  "1": {
    "nombre": "Akira",
    "genero": "Seinen",
    "año": "1988",
    "autor": "Katsuhiro Otomo"
  },
  "2": {
    "nombre": "Dragon Ball",
    "genero": "Shonen",
    "año": "1986",
    "autor": "Akira Toriyama"
  },
  "3": {
    "nombre": "Sailor Moon",
    "genero": "Shojo",
    "año": "1992",
    "autor": "Naoko Takeuchi"
  },
  "4": {
    "nombre": "Boruto",
    "genero": "Shonen",
    "año": "2017",
    "autor": "Masashi Kishimoto"
  },
  "5": {
    "nombre": "Neon Genesis Evangelion",
    "genero": "Mecha",
    "año": "1995",
    "autor": "Yoshiyuki Sadamoto"
  },
  "6": {
    "nombre": "Slam Dunk",
    "genero": "Shonen",
    "año": "1993",
    "autor": "Takehiko Inoue"
  }
}